source_name,source_type,title,url,text,scraped_at,author,published_at,categories
Religionistika MU (Novinky),RSS,Ondřej Homolka obhájil disertaci a&#160;má PhD,https://religionistika.phil.muni.cz/cedrr/cs/news/clanky/ondrej-homolka-obhajil-disertaci-a-ma-phd,5. února 2026 Ondřej Homolka obhájil disertační práci s názvem Prostorová dynamika mariánského kultu v pozdní antice a úspěšně složil Státní zkoušku.,2026-03-06T21:35:56.529181+00:00,Unknown,"Thu, 05 Feb 2026 23:00:00 Z",
Sekty.TV (RSS Feed),RSS,Detektivní kancelář specializující se na sekty,https://sekty.tv/2026/03/04/detektivni-kancelar-specializujici-se-na-sekty/?utm_source=rss&utm_medium=rss&utm_campaign=detektivni-kancelar-specializujici-se-na-sekty,"Vznikla webová stránka DETEKTIVNASEKTY.CZ &#8211; webová stránka detektivní kanceláře, která se zaměřuje na sekty. Na svém webu píše:







S čím se na nás můžete obrátit:



Vyhledání a lokalizace osoby ovlivněné sektou



Vzala vám sekta člena rodiny nebo blízkou osobu? Nevíte, kde se nachází, s kým tráví čas nebo v jakém prostředí žije?



Poskytujeme cílené pátrání a lokalizaci osob, u nichž došlo k přerušení kontaktu v souvislosti se vstupem do sekty.



Zjistíme pro Vás jejich aktuální místo pobytu, pohyb a okruh lidí, se kterými jsou v kontaktu. Jsme připraveni nalézt kohokoliv za každou cenu i s minimem vstupních informací.



Shromažďování důkazů a podklady pro právní kroky



Sháníte důkazy pro svůj soudní proces? Policie případ odložila nebo ji vůbec nechcete kontaktovat? Rádi vám pomůžeme s pátráním.



Zajišťujeme systematické shromažďování důkazů o působení sekty včetně vypracování znaleckého posudku o škodlivosti dané sekty. Zajistíme vám důkazy, které jsou použitelné v soudním řízení.



Diskrétní sledovací činnost



Chcete vědět, jak sekta prakticky ovlivňuje každodenní život vašeho příbuzného nebo známého?



Provádíme diskrétní sledovací a analytickou činnost, jejímž cílem je:– zjistit rutinu osoby– identifikovat kontakty a vztahy napojené na sektu–&nbsp;pochopit mechanismy kontroly a vlivu, které sekta uplatňuje



Zprostředkování a podpora komunikace s osobou v sektě



V případech, kdy je to možné a vhodné, pomáháme také se zprostředkováním komunikace mezi vámi a osobou ovlivněnou sektou.



Jedná se zejména o situace, kdy:– přímá komunikace selhala– kontakt je blokován nebo řízen sektou



Spolupracujeme s psychoterapeuty



Občas nestačí jen shromáždit důkazy, ale je zapotřebí také poskytnou člověku pomocnou ruku. Ať už jde o oběti sekt nebo jejich příbuzné a blízké okolí, můžeme doporučit terapeuty, kteří se zaměřují na problematiku sekt.



Spolupracujeme s odborníky



Své případy konzultujeme s odborníky v oblasti sekt a nových náboženských hnutí. Pokud potřebujete pochopit strukturu a fungování sekty, která vám ničí život, můžeme vás propojit s religionisty, kteří se na to specializují.







The post Detektivní kancelář specializující se na sekty first appeared on Informace o sektách.",2026-03-06T21:35:56.620717+00:00,sekty,"Wed, 04 Mar 2026 20:54:26 +0000","Odborná pomoc,Právní pomoc obětem sekt,detektiv,Děti,Guruové,Konspirace,Manipulace,Násilí,Oddělování od rodiny,Pedofilie,sekty"
Sekty.TV (RSS Feed),RSS,12 KMENŮ V RUMUNSKU: „Kontroverzní sekta s kontakty v USA přistála v Kluži a otevřela pekárnu“,https://sekty.tv/2026/02/24/12-kmenuv-rumunsku-kontroverzni-sekta-s-kontakty-v-usa-pristala-v-kluzi-a-otevrela-pekarnu-kdo-stoji-za-pekarnou/?utm_source=rss&utm_medium=rss&utm_campaign=12-kmenuv-rumunsku-kontroverzni-sekta-s-kontakty-v-usa-pristala-v-kluzi-a-otevrela-pekarnu-kdo-stoji-za-pekarnou,"Zdroj: https://gazetadebistrita.ro/o-secta-controversata-cu-conexiuni-in-sua-a-aterizat-in-cluj-napoca-si-a-deschis-o-brutarie-cine-se-afla-in-spatele-the-bakery/



Na okraji Kluže, v obci Săvădisla, žije diskrétní komunita, která je součástí mezinárodního hnutí „Dvanáct kmenů“, kontroverzní náboženské skupiny známé svým izolovaným životním stylem a přísnými pravidly. Nedávno členové komunity otevřeli v Kluži pekárnu, kde řemeslné výrobky denně lákají zákazníky, aniž by mnozí věděli, kdo za firmou skutečně stojí. Podnik&nbsp;s vůní teplého chleba a čistým marketingem, ale s příběhem, který sahá daleko za pult. Gazeta de Cluj zjistila, kdo stojí za podnikem The Bakery.&nbsp;



Zákazníci kupují chléb. Málokdo ví, komu nechávají peníze.



Dvanáct kmenů je náboženské hnutí založené v 70. letech 20. století ve Spojených státech Genem Spriggsem, známým také jako&nbsp;&nbsp;Yoneq&nbsp;. Skupina se prezentuje jako křesťanská komunita, která se snaží žít jako první věřící Nového zákona: členové sdílejí statky, pracují společně a žijí v kolektivním prostředí, často izolovaně od zbytku společnosti.



Mezinárodně se komunity Dvanácti kmenů rozšířily do několika zemí, včetně Německa, Francie, Austrálie, Kanady a Argentiny. Členové žijí na farmách, mají vlastní školy a dílny a jejich podniky – restaurace, pekárny, obchody – spravuje přímo komunita.



Komunita Dvanácti kmenů se zapojila do několika mezinárodních kontroverzí, zejména v souvislosti s dětskou prací, fyzickým týráním a domácím vzděláváním.



Toto hnutí je v některých zemích vyšetřováno z důvodu:



1. Dětská práce ve Spojených státech



V roce 2018 vyšetřování newyorského ministerstva práce odhalilo v továrně Common Sense Farm provozované organizací Twelve Tribes několik porušení zákonů o dětské práci. Do výroby, která je zákonem zakázána, bylo zapojeno dvanáct nezletilých osob. V důsledku toho úřady zahájily řízení, která mohla vést k vysokým pokutám.



2. Pronásledování související s domácím vzděláváním v Německu



V Německu se komunita Dvanácti kmenů dostala do konfliktu s bavorskými školskými úřady. Ačkoli je domácí vzdělávání v Německu nelegální, tato skupina provozovala soukromou školu pod státním dohledem, která nesplňovala vzdělávací standardy, včetně absence sexuální výchovy a teorie evoluce. V roce 2013 úřady odebraly škole provozní licenci poté, co obdržely stížnosti na fyzické týrání a nedostatek certifikovaných učitelů.



3. Razie a ochrana dětí v Německu



V roce 2013 provedla německá policie razii ve dvou komunitách Dvanácti kmenů v Bavorsku a odebrala 40 dětí, aby je ochránila před fyzickým týráním. Vyšetřování bylo podníceno tajnými záběry, které ukazují, jak jsou děti bity „holí podobnou biči“. Komunita přiznala použití tohoto předmětu k disciplíně, ale popřela obvinění ze zneužívání. V roce 2018 Evropský soud pro lidská práva potvrdil rozhodnutí německých úřadů odebrat děti z komunity.




Obvinění z emocionálního zneužívání a kontroly ve Spojených státech




V roce 2021 bývalá členka Carolyn Figuera řekla televizi CBS Boston, že byla v komunitě Dvanácti kmenů vystavena emocionálnímu zneužívání a přísné kontrole. Skupinu popsala jako kult, který zaváděl přísná pravidla a za jejich porušení přísné tresty.&nbsp;







Komunita Săvădisla







„Toto je nový začátek v rumunské zemi. Jsme vděční, že jsme tady a za přátele, které jsme si v této zemi našli,“ píší členové komunity na svých oficiálních webových stránkách.



Na oficiálních webových stránkách komunita popisuje, jak mohou návštěvníci přistupovat ke svému životu:



„Pokud žijete blízko nějaké komunity, návštěva je velmi snadná. Páteční večer je skvělá doba k návštěvě, protože na sabat budeme všichni doma a atmosféra je velmi uvolněná. Rádi si uděláme čas na rozhovor s vámi.“



Také uvádějí, že mnoho návštěvníků se přijíždí účastnit aktivit farmy:



„Měli jsme mnoho návštěvníků, kteří přijeli jako dobrovolníci na farmy, na stálou práci nebo na delší pobyty. Naši hosté jsou s námi a učí se s námi hlubším věcem života.“



Farmy dvanácti kmenů jsou popisovány jako kolektivní prostory, kde lidé žijí jako širší rodina:



„Na našich farmách a v našich komunitách žijeme společně jako jedna velká rodina a sdílíme vše společné, stejně jako Yahshuovi učedníci v prvním století. Je to úžasný život a můžete se o něm sami přesvědčit na kterémkoli z těchto míst.“



Ačkoli farmy produkují potraviny pro komunitu, někdy je prodávají na místních trzích nebo na vlastních stáncích. Veškerý výtěžek je vkládán do společného fondu na pokrytí potřeb členů, bez individuálního příjmu nebo osobního dluhu, jak komunita uvádí:



„Nemáme žádný nezávislý příjem ani dluhy, které bychom museli nést sami, kromě dluhu lásky, který dlužíme našemu Spasiteli, a který splácíme tím, že se navzájem milujeme a staráme se o sebe.“







Kdo stojí za pekárnou The Bakery?



Pekárna, kterou nedávno otevřela komunita Twelve Tribes v Kluži, funguje pod názvem COMMUNITY FOODS SOCIETATE COOPERATIVĂ. Společnost byla založena 26. listopadu 2024.&nbsp;



Administrátoři společnosti jsou:



Krisztian Szabó – Rumunsko



Veuthey Guillaume – Švýcarsko



Marusic Gouablin Krishna – Francie



Asociace a jejich kvóty účasti&nbsp;:



Veuthey Guillaume – Švýcarsko (4,76 %)



Marusic Gouablin Krishna – Francie (4,76 %)



Szabo Krisztian – Rumunsko (4,8 %)



Puissant Benjamin Anthony – Francie (2,38 %)



Joga Eitan – Francie (2,38 %)



Lembert Rivkah – Francie (2,38 %)



Fillos Hannah – Francie (2,38 %)



Rukojeti Sheqet – Francie (2,38 %)



Cassar Fanny – Francie (2,38 %)



Schnell Shelevah – Švýcarsko (2,38 %)



Grzebezyk Vincent Julien David – Francie (2,38 %)



Krumbacher David – Německo (2,38 %)



Jegu Maxime Michel Daniel – Francie (2,38 %)



Fillos David – Francie (2,38 %)



Cazal Felicite Marie Leonie Ode – Francie (2,38 %)



Lotus Joga – Francie (2,38 %)



Busser Yemimah – Francie (2,38 %)



Rouaux Ruhamah – Francie (2,38 %)



Robertet Ezra – Francie (2,38 %)



Joga Guillaume Nicolas – Francie (2,38 %)



Mezi příjemce podpory firmy patří převážně Francie, Německo, Portugalsko a Švýcarsko a patří mezi ně:



Busser Yemimah – Francie



Cassar Fanny – Francie



Cazal Felicite Marie Leonie Ode – Francie



Fillos David – Francie



Fillos Hannah – Francie



Fukušima Lecouvreur Yosef – Francie



Grzebezyk Vincent Julien David – Francie



Jegu Maxime Michel Daniel – Francie



Joga Eitan – Francie



Joga Guillaume Nicolas – Francie



Lotus Jóga – Francie



Joga Meirah – Francie



Nadab Joga – Francie



Lembert Gabar – Francie



Lembert Johan – Francie



Lembert Rivkah – Francie



Rukojeti Sheqet – Francie



Krumbacher David – Německo



Lembert Fillos Isis Colette – Portugalsko



Krumbacher Anna Barbara – Švýcarsko



Vzhledem k tomu, že společnost byla nově otevřena, v současné době nemá žádné vykázané finanční údaje.



Pekárna v Kluži představuje první viditelnou přítomnost sekty Dvanácti kmenů v Rumunsku. Skupina byla v několika zemích vyšetřována kvůli zneužívání dětí, drsné fyzické disciplíně, dětské práci a přísné kontrole nad členy. Vznik komunity v Săvădisle vyvolává otázky, jak lze těmto praktikám předcházet nebo je monitorovat.&nbsp;The post 12 KMENŮ V RUMUNSKU: „Kontroverzní sekta s kontakty v USA přistála v Kluži a otevřela pekárnu“ first appeared on Informace o sektách.",2026-03-06T21:35:56.622025+00:00,sekty,"Tue, 24 Feb 2026 18:18:32 +0000","Spriggs a 12 kmenů,Zahraniční sekty,Děti,Manipulace,Násilí,Oddělování od rodiny,Zdraví"
Sekty.TV (RSS Feed),RSS,Sekta 12 kmenů se rozšířila do Rumunska,https://sekty.tv/2026/02/24/sekta-12-kmenu-se-rozsirila-do-rumunska/?utm_source=rss&utm_medium=rss&utm_campaign=sekta-12-kmenu-se-rozsirila-do-rumunska,"Zdroj https://www.twelvetribes.org/community/cluj



The post Sekta 12 kmenů se rozšířila do Rumunska first appeared on Informace o sektách.",2026-03-06T21:35:56.622516+00:00,sekty,"Tue, 24 Feb 2026 18:16:24 +0000","Spriggs a 12 kmenů,Zahraniční sekty,Děti,Manipulace,Násilí,Oddělování od rodiny"
Sekty.TV (RSS Feed),RSS,"Řeči o zabití i sebevraždě rodiny, soud ale vidí činy vůdce sekty jako přestupek",https://sekty.tv/2026/02/24/reci-o-zabiti-i-sebevrazde-rodiny-soud-ale-vidi-ciny-vudce-sekty-jako-prestupek/?utm_source=rss&utm_medium=rss&utm_campaign=reci-o-zabiti-i-sebevrazde-rodiny-soud-ale-vidi-ciny-vudce-sekty-jako-prestupek,"Zdroj:&nbsp;https://www.idnes.cz/plzen/zpravy/plasy-buh-sasek-stihani-soud-obvineni-domaci-porod-sekta.A241216_115519_plzen-zpravy_jzk



Zakladatel náboženské sekty Lukáš S. z Plas na Plzeňsku i přes obvinění z pěti přečinů možná neskončí před soudem. Po podání obžaloby totiž soudce zastavil jeho stíhání s tím, že případ by se měl řešit jako přestupek. Muže policie stíhá kvůli jeho výrokům na sociálních sítích, kde vyhrožoval násilím a mluvil o hromadné sebevraždě členů sekty včetně miminka. V září přitom v domě sekty porodila žena, která později zemřela. I tento případ vyšetřuje policie.



Samosoudce rozhodl o zastavení trestního stíhání Lukáše S. a postoupení jeho věci úředníkům do Plas v závěru listopadu. Redakce iDNES.cz nyní zjistila z databáze soudních případů, že je proti rozhodnutí od konce minulého týdne podaná stížnost.



To znamená, že případ dostane k posouzení Krajský soud v Plzni, aby rozhodl, jestli věc skončí jako přestupek, nebo zda případ bude muset dál řešit Okresní soud Plzeň-sever.



10&nbsp;fotografií



Rozhodnutí o zastavení trestního stíhání a vyřešení případu jako možný přestupek tak není pravomocné.



Šestačtyřicetiletý zakladatel náboženské sekty Cesta světla Lukáš S., který si říká bůh šašek, je obviněný z pěti přečinů &#8211; šíření poplašné zprávy, pomluvy, vyhrožování s cílem působit na úřední osobu, podněcování k nenávisti vůči skupině osob nebo k omezování jejich práv a svobod a podněcování k trestnému činu.



Od září, kdy došlo v domě náboženské sekty k tragickému domácímu porodu, totiž přijali policisté několik desítek oznámení o protiprávním jednání vůdce sekty. Na Youtube vyhrožoval lidem zabitím, přál jim smrt, ať všichni dostanou rakovinu, vyhrožoval i kriminalistům, kteří ho vyslýchali.



Zakladatel sekty z Plas přišel k soudu v obleku šaška, policie jej musí pustit



Lukáš S. čelí obvinění mimo jiné kvůli veřejným výhrůžkám policistovi, který pracoval na jeho případu. Po obvinění byl muž několik desítek hodin v cele, soudkyně nakonec neshledala důvody k uvalení vazby. Uložila mu dohled probačního úředníka a nařídila, že nesmí vystupovat ve videích, která zveřejňoval na internetu.



„Pokud to nebude respektovat, bude důvod pro uvalení vazby,“ uvedla v říjnu soudkyně Zuzana Sperková.



Obviněný tehdy přišel k soudu v šaškovském obleku s rolničkami. Potvrdil, že má zakázáno točit a zveřejňovat videa. Verdikt soudkyně respektoval měsíc. Jedenáctého listopadu zveřejnil video, kde předpovídal konec apokalypsu, umírání a konec světa. Naštvalo ho, že policisté ten den hlídkovali před plaskými školami a také blízko domu, kde v Plasích přebývá zmíněná náboženská skupina.



„Jste vedle, ale já to přijímám. Narodil jsem se sem a nikdy jsem nikomu předtím ani potom neukřivdil! Tak co je! Mám zakázáno jako člověk hovořit pravdu a lásku do mainstreamu a internetu. A já se ptám za co? Co jsem komu udělal? Tak mě tedy zavřete! Můžete na mě. Vystoupil jsem tedy,“ křičel ve videu a očekával příjezd kriminalistů.



„Jste psychopati, vy všichni. Jste svině. Policie České republiky je svině! Celá policie! To, co dneska (11. 11. 2024) udělala, že tady hlídkuje?! Že tu bude atentát a že je to jasné? Zakázali jste mi vysílat, tak jak jsem mohl zveřejnit videa o konci světa? To se pos*al svět? Jste svině a já se vám dávám. Jsem člověk bitej vámi všemi. A mě to nevadí. Ukažte, co ve vás je. Vy svině!“ připomněl se 11. listopadu ve videu.



Tragický domácí porod



Žena na podzim porodila v domku sekty holčičku, ale zůstala s ní dlouhé hodiny spojená pupeční šňůrou.&nbsp;Až když rodička zkolabovala, zavolali jí členové domácnosti záchranku. To už ale bylo pozdě, žena zemřela v nemocnici.



Záchranáři měli obavy i o život novorozené dívenky, ta přežila a je u pěstounů. I tento případ vyšetřuje policie, kvůli smrti rodičky ale zatím nikoho neobvinila. Mimo jiné se čeká na znalecké posudky.



Lukáš S. už dříve vysvětloval, proč žena po porodu zemřela. „Vypnula ji Bába šedivá, na tom se s ní Linda domluvila. Ale zároveň je to medicínsky postavené na tom, že je to mozková mrtvice. Koho byste tedy chtěli vinit z toho, že se tady stalo něco špatně? Nechceme se z toho vykroutit, ale tady vše proběhlo v pořádku. Akorát Linda si sama v místnosti v rozhovoru s Bábou šedivou řekla, že pokud Bába šedivá chce dítě, ať si raději vezme ji a dítě nechá žít,“ prohlásil.



Vůdce sekty z Plas zřejmě půjde do vazby, přes zákaz soudu vysílal na internetu



Zakladatel sekty a jeho přívrženci se netají tím, že nemají peníze, nechodí do práce a odmítají se stát součástí sociálního systému. Snaží se žít láskou v srdci a tento cit prý celý den rozvíjejí. Na videích ale Lukáš S. často používá vulgarismy a přeje lidem rakovinu či smrt.The post Řeči o zabití i sebevraždě rodiny, soud ale vidí činy vůdce sekty jako přestupek first appeared on Informace o sektách.",2026-03-06T21:35:56.623312+00:00,sekty,"Tue, 24 Feb 2026 00:52:05 +0000","Česko-slovenské sekty,Lukáš Stančík / Bůh Šašek,Děti,Guruové,Manipulace,Násilí,Oddělování od rodiny,Zdraví"
Sekty.TV (RSS Feed),RSS,Soudní bitva o dítě z Ohnivého draka z Plas nekončí. Otce hájí Bůh Šašek,https://sekty.tv/2026/02/24/soudni-bitva-o-dite-z-ohniveho-draka-z-plas-nekonci-otce-haji-buh-sasek/?utm_source=rss&utm_medium=rss&utm_campaign=soudni-bitva-o-dite-z-ohniveho-draka-z-plas-nekonci-otce-haji-buh-sasek,"Za zesílených bezpečnostních opatření začal v úterý Okresní soud Plzeň-sever projednávat osud holčičky Evelínky, která vloni na podzim přišla na svět v centru Ohnivý drak v Plasích na severu Plzeňska. Její matka několik dní po domácím porodu v náboženské skupině zemřela.



Holčičku chce podle informací Deníku do své péče její otec Marian P., pěstounka a také pozůstalí po její matce Lindě. U&nbsp;jednání nechyběl ani vůdce skupiny Lukáš Stančík, který dle svých slov hájí práva otce dítěte. Ač jednání trvalo až do odpoledních hodin, verdikt nepadl.



Zaznít by měl v&nbsp;únoru.Soudkyně Kateřina Tomanová rozhodla o&nbsp;tom, že se jednání bude konat za zavřenými dveřmi, s&nbsp;vyloučením veřejnosti. Do jednací síně směli jen účastníci řízení, na chodbě tak museli zůstat podporovatelé Mariana P., pozůstalí po Lindě i&nbsp;zástupci médií. Na dění dohlížel zvýšený počet příslušníků justiční stráže, v&nbsp;budově soudu byli na případný zásah připraveni i&nbsp;policisté. Vše se ale obešlo bez jakýchkoliv incidentů.



Ještě před začátkem zasedání soudu potvrdil Marian P., jehož jméno ani tvář nezveřejňujeme kvůli ochraně identity nezletilé holčičky, že bude usilovat o&nbsp;svoji dceru, která je nyní v&nbsp;pěstounské péči a on ji smí vídat jen hodinu týdně. „Já jsem se jí nikdy nevzdal. Úřady mi ji odebraly a není důvod, abych o&nbsp;ni neusiloval. Počítám, že bude u&nbsp;nás,“ řekl Deníku s&nbsp;tím, že by holčička bydlela s&nbsp;ním, jeho synem Štěpánem, synovou přítelkyní Martinou a dalšími lidmi v&nbsp;domě, kde sídlí i&nbsp;centrum Ohnivý drak. Z&nbsp;čeho by žili, nedokáže v&nbsp;současné době říci. „Oslovujeme naším projektem Karla Janečka (český miliardář – pozn. aut.). Kdy se to stane, nevíme, ale víme, že nás podpoří,“ uvedl otec Evelínky. Tu by rád měl doma i&nbsp;jeho 16letý syn Štěpán, nevlastní sourozenec holčičky, který u&nbsp;soudu také nechyběl. „Přišel jsem podpořit tátu. Evelínka je moje ségra a musí to vyjít, musí být doma,“ prohlásil Štěpán pro Deník s&nbsp;tím, že miminko zatím viděl jen dvakrát, ještě když bylo v&nbsp;porodnici. Nad otázkou, zda se mu stýská po Lindě, zakroutil hlavou. „Stýská? To ne. Ale byla to skvělá kamarádka, měl jsem ji moc rád. Ale být z&nbsp;toho smutný, že tu není, to není život,“ řekl mladík, jehož jméno ani tvář nezveřejňujeme ze stejného důvodu jako u&nbsp;jeho otce.



Mariana P. k&nbsp;soudu doprovázel Lukáš Stančík, vůdce náboženské skupiny, známý svými kontroverzními videi, kvůli nimž na něj byla podána obžaloba, a to ke stejnému soudu, který projednává osud Evelínky.



„Jsem Marianův veřejný obhájce. Legislativa to umožňuje, jednou za život si to můžete vybrat. To, co se tu děje, to, co dělá OSPOD, je zločin, že čtyři, pět měsíců unáší dítě, aniž by nás kdokoli z&nbsp;tohoto orgánu prozkoumával,“ řekl muž, jenž si také říká Bůh Šašek. Zatímco na loňské vazební zasedání se dostavil v&nbsp;kostýmu šaška, tentokrát přišel solidně oblečen. „Já jsem uctivý člověk a ctím soud. To, že jsem tu byl jednou v&nbsp;šaškovském, tak to bylo proto, že mě policisté takto zatkli. Byl jsem v&nbsp;kostýmu šaška v&nbsp;šatlavě a musel jsme v&nbsp;něm jít i&nbsp;sem,“ vysvětlil Stančík. Kritizoval, že OSPOD dle něj měří dvojím metrem. „Paradoxem je, že jedno dítě u&nbsp;nás být může a druhé ne,“ řekl Stančík. „Žije s&nbsp;námi moje dcera, které je teď pět měsíců,“ uvedl k&nbsp;tomu Štěpán Faun, člen komunity.



Ještě před začátkem soudního jednání natočil Stančík video, v&nbsp;němž dění komentoval, pak si udělali s&nbsp;Marianem P. a dalšími společnou rozesmátou fotografii a poté se již odebrali do soudní síně, spolu s&nbsp;dalšími účastníky řízení.







Vyvázne Bůh Šašek jen s pokutou za přestupek? Na tahu je státní zastupitelství



K&nbsp;zástupcům OSPOD a dalším účastníkům řízení neměli novináři přístup. Pozůstalí po Lindě jen sdělili, že si přejí, aby se Evelínka měla dobře a aby ji nepoznamenalo to, co prožila v&nbsp;prvních dnech svého života. Více pro ně stále velmi citlivou věc komentovat nechtěli.Jednání soudu se protáhlo až do odpoledne, trvalo s&nbsp;přestávkami zhruba pět hodin.



Porodem se policie stále zabývá



I&nbsp;tak ale o&nbsp;osudu holčičky zatím nebylo rozhodnuto. Jednání bylo odročeno.Porodem se policie stále zabýváEvelínka se narodila v&nbsp;neděli 8.&nbsp;září v&nbsp;centru Ohnivý drak v&nbsp;Plasích, kde sídlí náboženská skupina Život v&nbsp;srdci, vedená Lukášem Stančíkem, který se nazývá Bůh Šašek. Otec dítěte, Marian P., potvrdil, že jeho partnerce Lindě po porodu, jenž byl dle něj bezproblémový, nevyšla placenta a s&nbsp;dcerou byla rodička spojenou až do pondělního rána pupeční šňůrou. Její stav se zhoršoval, a tak byla přivolána záchranná služba. Ta matku v&nbsp;kritickém stavu i&nbsp;miminko odvezla do nemocnice. Tam žena v&nbsp;pátek 13.&nbsp;září zemřela. Policie případ dosud neuzavřela. „Kriminalisté případ stále prověřují,“ potvrdila tento týden Deníku policejní mluvčí Dagmar Brožová. Evelínčin otec Marian P. se holčičku pokoušel získat do péče, sháněl na to finance prostřednictvím sociálních sítí, ale u&nbsp;veřejnosti tvrdě narazil. Dítě bylo následně umístěno do pěstounské péče na přechodnou dobu, o&nbsp;čemž vloni v&nbsp;září rozhodl Okresní soud Plzeň-město.



Související články




Narcis a manipulátor. Znalec popsal vůdce sekty z Plas na Plzeňsku



Holčička, které po porodu v Ohnivém drakovi zemřela matka, je v pěstounské péči



Matka zemřela po porodu v sektě, otec prosí veřejnost o peníze
The post Soudní bitva o dítě z Ohnivého draka z Plas nekončí. Otce hájí Bůh Šašek first appeared on Informace o sektách.",2026-03-06T21:35:56.624271+00:00,sekty,"Tue, 24 Feb 2026 00:50:03 +0000","Česko-slovenské sekty,Lukáš Stančík / Bůh Šašek,Děti,Guruové,Manipulace,Oddělování od rodiny,Zdraví"
Sekty.TV (RSS Feed),RSS,"Sekta z Plzeňska láká na Karlu Janečkovy peníze? Bůh Šašek tvrdí, že jim miliardář slíbil podporu",https://sekty.tv/2026/02/24/sekta-z-plzenska-laka-na-karlu-janeckovy-penize-buh-sasek-tvrdi-ze-jim-miliardar-slibil-podporu/?utm_source=rss&utm_medium=rss&utm_campaign=sekta-z-plzenska-laka-na-karlu-janeckovy-penize-buh-sasek-tvrdi-ze-jim-miliardar-slibil-podporu,"Redakce CNN Prima NEWS přišla na další detaily o poměrech v sektě Ohnivý drak. Vůdce Bůh Šašek láká na peníze miliardáře a bývalého kandidáta na prezidenta Karla Janečka. Ten podle něj sektě slíbil 125 milionů korun. Janeček přiznává, že se s členy sekty potkal, její finanční podporu však odmítá. O sektě se začalo více mluvit po tom, co v jejím domě na Plzeňsku po domácím porodu zemřela žena.



Ohnivý drak je streamovací sekta, která sídlí v Plasích na Plzeňsku. Její vůdce Lukáš Stančík, který vystupuje pod přezdívkou Bůh Šašek, věří v to, že je osvícený mesiáš. Jenže jeho svátost mu peníze nepřináší, a tak on i jeho ovečky doufají, že dostanou miliony korun od Karla Janečka, tedy muže, který se v minulosti ucházel o křeslo hlavy státu.



ČTĚTE TAKÉ:&nbsp;Záhadný porod v Plasích. V sektě zkolabovala matka, zasáhl „Bůh Šašek“, vyvstala řada otázek



„Ze 121 milionů se zaplatí společný dům a těch pár milionů nám zůstane na život,“ popsal Stančík. On sám redakci CNN Prima NEWS setkání se známým českým miliardářem popsal i na kameru, členové sekty jsou prý podle něj výjimeční lidé. „Ke Karlu Janečkovi jsem přišel poprvé asi před rokem a půl. Karel nám řekl, že se ještě nesetkal s&nbsp;takovými zajímavými lidmi, jako jsme my,“ sdělil vůdce sekty.



Karel Janeček ale jakoukoliv podporu skupiny popírá. „S dotyčnou osobou v žádných oblastech nespolupracuji ani jsem nikdy nespolupracoval. Setkali jsme se pouze jako účastníci stejné akce. Nikdy jsem ani neuvažoval o tom, že bych jeho aktivity podporoval,“ sdělil miliardář pro CNN Prima NEWS.



Skupina ale v&nbsp;každém případě nelení a i po&nbsp;tragické smrti jedné z členek&nbsp;je na sociálních sítích velmi aktivní a snaží se získat nové finanční prostředky. Ostatní členové hojně verbují nové ovečky přes video vzkazy. Pro sektu, jejíž členové nepracují, jsou spásou. Vnitřní pravidla jsou totiž jasně nastavená – každý, kdo přijde, vloží veškerý svůj kapitál do chodu sekty a všichni z něj žijí společně. Když peníze dojdou, je třeba přilákat někoho nového.



MOHLI JSTE PŘEHLÉDNOUT:&nbsp;Vůdce sekty v Plasích se vysmíval policistům, že jim zemřou děti, říká expert. Jak získává věrné?The post Sekta z Plzeňska láká na Karlu Janečkovy peníze? Bůh Šašek tvrdí, že jim miliardář slíbil podporu first appeared on Informace o sektách.",2026-03-06T21:35:56.625028+00:00,sekty,"Tue, 24 Feb 2026 00:47:52 +0000","Česko-slovenské sekty,Lukáš Stančík / Bůh Šašek,Guruové,Manipulace,Násilí,Oddělování od rodiny,Zdraví"
Sekty.TV (RSS Feed),RSS,"Jsem Ježíš, říká Bůh šašek při výslechu policistům. Příbuzní členů jeho sekty mezitím trpí",https://sekty.tv/2026/02/24/jsem-jezis-rika-buh-sasek-pri-vyslechu-policistum-pribuzni-clenu-jeho-sekty-mezitim-trpi/?utm_source=rss&utm_medium=rss&utm_campaign=jsem-jezis-rika-buh-sasek-pri-vyslechu-policistum-pribuzni-clenu-jeho-sekty-mezitim-trpi,"Zdroj: https://cnn.iprima.cz/vudce-sekty-stancik-se-prohlasuje-za-jezise-pribuzni-clenu-jeho-skupiny-mezitim-trpi-490145



Lukáš Stančík alias Bůh Šašek znovu pobuřuje svými výroky. Natáčí se při policejním výslechu a prohlašuje se za Ježíše. I když v sektě žije mnohem méně členů než kdysi, někteří jejich příbuzní stále trpí. Jedna žena například marně bojuje o to, aby byl její syn výhradně v její péči a nemusel navštěvovat sektu, kde žije jeho otec.



Sekta Ohnivý drak zaplavila média loni v&nbsp;září, kdy ve skupině proběhl nevydařený domácí porod, během kterého zemřela rodička. Stančík alias Bůh Šašek nedávno umístil na internet video z&nbsp;jednoho ze svých posledních policejních výslechů. „Bůh,“ odpovídá Stančík policistovi, který se ho ptá na zaměstnavatele. Na další otázku, jak ho lidé v zaměstnání oslovují, odpovídá „Ježíš Švamberecký zvěstovatel“.



I když v posledních měsících o Stančíkovi nebylo slyšet, trápení lidí, kteří mají své příbuzné v sektě, neskončilo. Své o tom ví žena, která má ve skupině bývalého partnera. A marně bojovala o to, aby společného syna dostala do výhradní péče.



Kriminalisté zadrželi Boha šaška, vůdce sekty z Plas. Měl vyhrožovat soudcům a policistům



„Jednou za 14 dní by tam měl chodit, s&nbsp;tím, že by tam neměl nocovat. Soud rozhodl, že v&nbsp;době, kdy tam bude, tam nesmí být přítomný Stančík,“ popsala pro CNN Prima NEWS paní Lucie.



Stančík byl vyšetřován policií



Jestli bude sekta pravidla dodržovat, není jasné. Možné je i to, že se bývalý partner proti rozhodnutí soudu odvolá. V&nbsp;jednom z archivních videí mluví Stančík o Bábě šedivé – entitě, která podle něj posedne ženy a dostat se z nich musí fyzickým násilím.



„A tak si s ní zase ta Šedivá bába prostě včera vytřela prd*l, a já potom jsem si vytřel prd*l s tou Šedivou bábou. Zmydlil jsem tady Gabrielu tak, jako nikdy. Zmydlil jsem ji, zmlátil jsem ji, ano,“ říká Stančík na záznamu.3fotografií



Kvůli podobným videím byl několikrát vyšetřován policií a skončil i před soudem. Tam ostatně na konci měsíce poputuje znovu. „Chci mít přístupná k puštění u soudu všechna videa, ze kterých já jsem souzený, abychom si o tom s tím soudcem mohli povídat,“ uvedl Stančík pro CNN Prima NEWS.



Ze sekty v posledních měsících odešla jedna z mladých rodin. Skupina kolem Stančíka, který si dnes přezdívá Ježíš Švamberecký, má tak už velmi málo členů.The post Jsem Ježíš, říká Bůh šašek při výslechu policistům. Příbuzní členů jeho sekty mezitím trpí first appeared on Informace o sektách.",2026-03-06T21:35:56.625655+00:00,sekty,"Tue, 24 Feb 2026 00:46:36 +0000","Česko-slovenské sekty,Lukáš Stančík / Bůh Šašek,Děti,Guruové,Konspirace,Manipulace,Násilí,Oddělování od rodiny,Zdraví"
Sekty.TV (RSS Feed),RSS,Z boha šaška je Joker. Za výhrůžky soudci sektář z Plas nesmí vystupovat ve videích,https://sekty.tv/2026/02/24/z-boha-saska-je-joker-za-vyhruzky-soudci-sektar-z-plas-nesmi-vystupovat-ve-videich/?utm_source=rss&utm_medium=rss&utm_campaign=z-boha-saska-je-joker-za-vyhruzky-soudci-sektar-z-plas-nesmi-vystupovat-ve-videich,"Zdroj:&nbsp;https://www.idnes.cz/plzen/zpravy/soud-tachov-lukas-stancik-sekta-plasy-plzensko-vyhrozovani-soudci.A251030_084652_plzen-zpravy_vb



Tachovský soud Lukáše Stančíka potrestal 14 měsíci na zkušební dobu dvou let s dohledem. Navíc má zákaz zveřejňování a sdílení videí na všech platformách i jinými uživateli a zákaz vystupovat v živých internetových vysíláních.



„Není mu patnáct let, aby nevěděl, jak se má chovat, že společnost má mantinely, a pokud z nich vybočí, musí následovat přiměřený postih,“ vysvětlil žalobce Pavel Reiser, který pro obžalovaného navrhoval stejný trest. Rozsudek není pravomocný, Stančík řekl, že se k němu vyjádří, až ho dostane písemně.



„Soud je přesvědčen, že video bylo schopné vyvolat pohoršení u veřejnosti. Soud nemá pochybnosti, že jednal úmyslně. Video je hrubé, útočné, vulgární, tak vystupuje opakovaně,“ shrnul soudce, podle kterého závažnost byla dána, ale nebyla tak zásadního charakteru, aby byl vysloven nepodmíněný trest.



Řeči o zabití i sebevraždě rodiny, soud ale vidí činy vůdce sekty jako přestupek



Podle soudu nebyl problém v tom, že videa Stančík zveřejnil, ale že u poškozeného soudce Radka Vydry dokázala vyvolat obavy.



„Vy mi tedy zakazujete být na sociálních sítích. Když je to tedy se mnou tak strašně závažné, tak já to tedy přijímám. To jsme tedy skončili,“ řekl těsně před opuštěním soudní síně Stančík.



Lukáš Stančík alias bůh šašek dnes přišel k Okresnímu soudu v Tachově v oblečku záporné komiksové postavy Jokera známého ze série filmů s Batmanem. Doposud si oblékal šaškovský oblek.



Přímo v soudní síni chtěl natáčet stream, aby ho pak sdílel na sociální síti. To mu ale soudce nedovolil. Přišel sám, bez advokáta. Jako svědek ho doprovázel Marian P., v jehož domě sídlí sekta Cesta světla a jemuž po domácím porodu zemřela přítelkyně, a jeho sedmnáctiletý syn.



14&nbsp;fotografií



Stančík měl již dříve několik konfliktů se zákonem, jeho vyhrožováním se policie několikrát zabývala a několikrát ho i obvinila. Soudy ho za to doposud potrestaly buď podmínkou, nebo případ vyhodnotily jako přestupek, který pak řešila přestupková komise.



Stančík tak ve svých internetových videích na YouTube vulgárně vyhrožoval právě předsedkyni přestupkové komise v Plasích či soudkyni Okresního soudu Plzeň-sever Kateřině Tomanové, která&nbsp;rozhodovala o osudu miminka narozeného v sektě. V této souvislosti ho také letos v dubnu policisté obvinili, zadrželi a navrhli vazbu. Žalobce jim ale nevyhověl a Stančík byl ze zadržení propuštěn.



„Jsi podjatá jako kráva!“ Za výhrůžky soudkyni vůdce sekty obvinili a zadrželi



Vulgárně se vyjadřoval i k soudci Okresního soudu Plzeň-sever Radku Vydrovi, který ho za přečiny vyhrožování a výtržnictví již dříve potrestal. Uložil mu trestním příkazem podmíněný trest osm měsíců vězení s odkladem na 18 měsíců.&nbsp;Bylo to za napadení muže v Plasích holí.



Ve videu z března letošního roku nadává na již zmíněnou soudkyni a soudce. „Soudnictví je to čů&#8230;ovina, soudkyně vzala otci dítě, to jste pos..li. Vy sv&#8230; z plzeňského soudu, bůh a satan si s tebou vytře pr&#8230;. S nikým z vás se sr&#8230; nebudu, zavřete mě vy sv&#8230;. Jste povrchní zm&#8230; Už teď ti říkám Vydro, že jsi čů&#8230; jako vrata. Já jsem bůh na zemi,“ řval vulgárně v jednom ze svých videí Stančík.



Podle státního zástupce se tak dopustil výtržnictví a přečinu vyhrožování s cílem působit na orgány veřejné moci. Hrozilo mu až tříleté vězení.



Chová se jako guru. Matka se marně snaží vyrvat syna ze spárů sekty „boha šaška“



„Jsem profesionál, na podobné výpady bych měl být zvyklý a připravený. V tomto konkrétním případě ale výrazy přesáhly únosnou mez, bylo to přes čáru, vnímal jsem je nejen jako útok na moji osobu, ale na celou justici. Tedy jako útok na jeden ze tří pilířů demokracie,“ uvedl soudce Radek Vydra, který se připojuje s nárokem na nemajetkovou újmu ve výši 10 tisíc korun. Tachovský soudce ho nakonec s nárokem odkázal na občansko-právní řízení.



„Já bych to i přešel, ale moje okolí ne. Moje rodiče a přítelkyně se o mě báli. Je pravda, že některé výrazy zaváněly hrozbou. Už jsem obžalovaného soudil a vím, že je schopen fyzického ataku. Nechtěl jsem to brát na lehkou váhu. Byla poškozena moje důstojnost a čest nejen jako soudce, ale i jako občana,“ dodal.



Zakladatel sekty z Plas přišel k soudu v obleku šaška, policie jej musí pustit



„Stojím si za tím, co jsem řekl. Nesouhlasím s tím, že bych vyhrožoval s cílem působit na orgán veřejné moci. Neměl jsem za cíl manipulovat, šlo jen o mé čisté sdělení,“ řekl dnes bůh šašek a stejně jako ve svých videích i u soudu zvyšoval hlas a mluvil vulgárně. „Nejsem psychopat, všechno je to jen prožitkové interaktivní divadlo,“ vysvětlil.



Na otázku, proč přišel k soudu v kostýmu Jokera, odpověděl, že právě za tento kostým ho policie poprvé zavřela. „Zveřejnil jsem na YouTube úryvek z tohoto filmu a kvůli tomu mě zavřeli. Policisté tehdy řekli a dost, to je šílený. Je to na počest prvního zavření,“ vysvětlil svůj dnešní převlek Stančík.



Podle znaleckého posudku z oboru psychologie je Stančík přesvědčený o své výjimečnosti. Chybí mu pocity zodpovědnosti, viny, lítosti. „Užívá si situace, kdy má moc nad druhými, špatně snáší situace, kdy je podřízen, negativně snáší nesouhlas a kritiku, potřebuje vzrušení a pozornost, aby se nenudil,“ zaznělo dnes u soudu.



Tragický domácí porod



Náboženská sekta sídlící v Plasích se do povědomí veřejnosti dostala loni v září právě po zpackaném domácím porodu. Rodičce, člence sekty, nevyšla z těla placenta, zkolabovala a přivolaní záchranáři ji pak odvezli do nemocnice. Tam po několika dnech zemřela.



Bůh šašek i otec narozené holčičky tvrdí, že si&nbsp;rodičku vzala Bába šedivá. Ta ženy ovládá a je třeba ji z nich dostat, vymlátit. Žena před tragédií oznámila, že chce ze sekty odejít a jít si vlastní cestou. To jí ale Stančík nechtěl dovolit.



Soud, který rozhodoval o dítěti, nakonec dospěl k závěru, že jeho otec žije natolik odlišným způsobem života, že to pro dítě není dobré, a svěřil ho trvalým pěstounům. Policie případ&nbsp;tragického porodu nakonec odložila.



Bůh šašek o sobě tvrdí, že žije láskou. Ve svých videích ale lidem&nbsp;přeje smrt, rakovinu, vulgárně nadává na všechny a všechno. Odmítá být součástí sociálního systému, nechodí do práce, nemá žádné peníze a žádá je po veřejnosti.



Zdroj:&nbsp;https://www.idnes.cz/plzen/zpravy/soud-tachov-lukas-stancik-sekta-plasy-plzensko-vyhrozovani-soudci.A251030_084652_plzen-zpravy_vb



The post Z boha šaška je Joker. Za výhrůžky soudci sektář z Plas nesmí vystupovat ve videích first appeared on Informace o sektách.",2026-03-06T21:35:56.626993+00:00,sekty,"Tue, 24 Feb 2026 00:44:55 +0000","Česko-slovenské sekty,Lukáš Stančík / Bůh Šašek,Děti,Guruové,Manipulace,Násilí,Oddělování od rodiny,Zdraví"
Sekty.TV (RSS Feed),RSS,NA VLASTNÍ OČI: Sekta Světlík,https://sekty.tv/2026/02/24/na-vlastni-oci-svetlik/?utm_source=rss&utm_medium=rss&utm_campaign=na-vlastni-oci-svetlik,"Reportáž: TV Nova, Na vlastní oči, 1998The post NA VLASTNÍ OČI: Sekta Světlík first appeared on Informace o sektách.",2026-03-06T21:35:56.627713+00:00,sekty,"Tue, 24 Feb 2026 00:43:26 +0000","Česko-slovenské sekty,Eko-sekta ve Světlíku,eko-sekta,Světlík"
Sekty.TV (RSS Feed),RSS,Zdeněk Vojtíšek: Každá sekta je nebezpečná,https://sekty.tv/2026/02/24/zdenek-vojtisek-kazda-sekta-je-nebezpecna/?utm_source=rss&utm_medium=rss&utm_campaign=zdenek-vojtisek-kazda-sekta-je-nebezpecna,"SPECIALISTA NA STUDIUM SEKT ZDENĚK VOJTÍŠEK PRO PRÁVO: 



Ve Společnosti pro studium sekt a nových náboženských společností působíte zároveň jako mluvčí. Můžete říci, kolik se u nás vyskytuje sekt?



Zdeněk Vojtíšek: Za sektu považujeme dnes takovou společnost, která má vyhraněnou totalitní strukturu, kde je veškerá moc postavená na jednom vůdci, který rozhoduje o všem, a druhý pól je závislý jedinec, který si lehce nechá mluvit do života. Sektářství se vyskytuje úplně všude, nejen v náboženských organizacích, ale i v některých politických, ekologických a společenských organizacích. V užším pohledu lze říci, že sektářství je spojeno i s náboženstvím a že se týká několika desítek tzv. sekt. V cizině je jich prý několik tisíc, u nás mluvíme tak o 40 až 50 organizacích, kde bychom prvky sektářství mohli objevit. 







Kolik asi lidí u nás inklinuje k sektám či už k nim patří?



Zdeněk Vojtíšek: Odhadujeme, že zhruba 30 tisíc lidí žije ve vypjatém vztahu závislém na sektářském životě. 







Existují v Česku i nebezpečné sekty?



Vojtíšek: V podstatě je nebezpečná každá totalitní organizace, protože u žádné nevíme, kam až zajde. Nebezpečnost nemůžete určit předem, ale je předpoklad, že tam, kde vám sektářský vůdce řekne, že máte opustit vysokou školu, nebo nařídí, co si máte obléci na sebe, může vás časem vyzvat i k odložení hmotného těla. Jde hlavně o ty sekty, které žijí komunitním způsobem života a které mají vypjaté očekávání konce světa. A také ty, které jsou společností zahnány do kouta a jsou policejně pronásledovány.







Už teď je ale u nás registrováno 21 církví a náboženských společností, a kdyby každá chtěla působit ve školách nebo ve vězeňství, organizačně se to možná nezvládne, ne?



Zdeněk Vojtíšek: Není přece problém vytvořit jednadvacet nebo pětadvacet smluv. Stát by zároveň deklaroval, že má o ně zájem. A když se vyskytne například pedofilní učitel náboženství, tak společnost s tím něco jasně a rychle udělá, protože při prodlužování smlouvy by už měla potíže. Svědkové Jehovovi v současné době mají celní úlevy na dovoz tiskovin ze zahraničí a v nich se propaguje zákaz transfúze krve pro nezletilé. Jestliže to dělají, neměli by mít od státu úlevy. 







Podle vás tedy Svědkové Jehovovi mají zákaz transfúze krve?



Zdeněk Vojtíšek: Jednoznačně. Podívejte se do jakéhokoliv jejich materiálu. 







Napsal nám do redakce MUDr. Jan Klika, který tvrdí, že Svědkové se sice chtějí &#8222;zdržovat&#8220; krve, ale nikdy se prý nesetkal s tím, že by rodiče byli kýmkoliv &#8222;vyučováni, aby bránili&#8220; poskytnutí nutné lékařské péče. Pouze prý žádají lékaře, aby léčili kvalitně, bez použití krve&#8230;



Zdeněk Vojtíšek: To je vrchní lékař Svědků Jehovových. Mohu vám na spoustě jejich publikací dokázat, že krevní transfúze je spojena s vyloučením z jejich společnosti.. 







Máte skutečně svědectví o tom, že v nemocnicích odmítají transfúze?



Zdeněk Vojtíšek: Jistě. 



The post Zdeněk Vojtíšek: Každá sekta je nebezpečná first appeared on Informace o sektách.",2026-03-06T21:35:56.628405+00:00,sekty,"Tue, 24 Feb 2026 00:31:14 +0000","Svědkové Jehovovi,Zahraniční sekty,Zdeněk Vojtíšek,Děti,Guruové,Manipulace,Oddělování od rodiny,Pedofilie,Vojtíšek,Zdraví"
Dingir.cz (RSS Feed),RSS,Andersonovy konstituce z roku 1723,https://info.dingir.cz/2026/03/andersonovy-konstituce-z-roku-1723/,"Anderson, James: Konstituce svobodných zednářů 1723. Beroun: Machart, 2025, překlad Pavel E. J. Gergel, 200 s. V českém kulturním prostředí se odehrála událost, na kterou jsme tři století čekali. Poprvé &#8230;",2026-03-06T21:35:56.649925+00:00,Vojtěch Merunka,"Fri, 06 Mar 2026 10:00:55 +0000","Recenze,Recenze - knihy,James Anderson,Konstituce svobodných zednářů,svobodné zednářství"
Dingir.cz (RSS Feed),RSS,O svědcích Jehovových pro líné religionisty,https://info.dingir.cz/2026/03/o-svedcich-jehovovych-pro-line-religionisty/,"CHU, Jolene – PELTONEN, Ollimatti, Jehovahʼs Witnesses, Cambridge Elements, Cambridge University Press 2024. Svědkové Jehovovi jsou jednou ze současných 37 již zveřejněných publikací řady „Nová náboženská hnutí“ v&#160;edici „Náboženství“ rozsáhlého &#8230;",2026-03-06T21:35:56.650900+00:00,Zdeněk Vojtíšek,"Tue, 03 Mar 2026 10:00:04 +0000","Recenze - knihy,Cambridge Elements,Charles Taze Russell,James A. Penton,James T. Richardson,Jolene Chu,Joseph Franklin Rutherford,Náboženská společnost Svědkové Jehovovi,Ollimatti Peltonen,Raymond Victor Franz,Rebecca Moorová,Sanja Nilssonová,Sarah Harveyová,sexuální zneužívání,stranění se,Strážná věž,svědkové Jehovovi"
Vira.cz (RSS Feed),RSS,Letní tábor Taxiway camp 26.-31. 7. 2026 pro mladé křesťany od 14 do cca 17 let,https://www.vira.cz/texty/aktuality/letni-tabor-taxiway-camp-26-31-7-2026-pro-mlade-krestany-od-14-do-cca-17-let,Chtěli byste prožít jeden týden prázdnin spolu se svými vrstevníky a skvělým týmem&nbsp;na Hoře Matky Boží v&nbsp;Králíkách? Neváhejte se přihlásit. Kapacita je omezená.,2026-03-06T21:35:56.750252+00:00,Unknown,"Mon, 16. Feb 2026 11:30:00 GMT",
Vira.cz (RSS Feed),RSS,Postní doba - účel a náplň,https://www.vira.cz/texty/aktuality/co-je-naplni-a-ucelem-postni-doby,Co a proč v postní době dělat?! Samotný název tohoto čtyřicetidenního období není zcela jednoznačný. Půst jako takový totiž není jeho jedinou náplní.,2026-03-06T21:35:56.751100+00:00,Unknown,"Sat, 14. Feb 2026 23:00:00 GMT",
Vira.cz (RSS Feed),RSS,Prohlášení církví k výrokům proti ukrajinským uprchlíkům,https://www.vira.cz/texty/aktuality/prohlaseni-cirkvi-k-vyrokum-proti-ukrajinskym-uprchlikum,"Česká biskupská konference a Ekumenická rada církví&nbsp;vydávají společné prohlášení k výrokům proti ukrajinským uprchlíkům. Text prohlášení vyjadřuje znepokojení nad rétorikou, jež zpochybňuje solidaritu s lidmi v nouzi bez ohledu na jejich původ, a připomíná, že schopnost soucitu a účinné pomoci patří k základním principům civilizované společnosti.",2026-03-06T21:35:56.753806+00:00,Unknown,"Tue, 27. Jan 2026 16:41:00 GMT",
Vira.cz (RSS Feed),RSS,"Na místě, kde právě jsme…",https://www.vira.cz/texty/clanky/obdrzet-dobro-muzeme-jedine-tady-a-ted-ne-v-iluzich-a-fantaziich,"Místo, kde právě jsme, a čas, který právě žijeme, jsou jediným prostorem, kde se můžeme setkat s&nbsp;Bohem. Právě tady&nbsp; nás Bůh chce oslovit...",2026-03-06T21:35:56.754861+00:00,Unknown,"Wed, 21. Jan 2026 10:34:00 GMT",
Vira.cz (RSS Feed),RSS,Neexistuje dokonalá rodina,https://www.vira.cz/texty/aktuality/neexistuje-dokonala-rodina,Vztahy rodičů jsou pro rozvoj dětí rozhodující... (Texty o rodině.),2026-03-06T21:35:56.757058+00:00,Unknown,"Wed, 24. Dec 2025 23:00:00 GMT",
Vira.cz (RSS Feed),RSS,Pocit neodpustitelného selhání,https://www.vira.cz/texty/aktuality/moje-minulost-je-jako-zavazi,"Dobrý den,
moc si vážím vaší práce na&nbsp;www.vira.cz&nbsp;a také děkuji za&nbsp;službu&nbsp;Linky&nbsp;víry. Vaše zveřejněné odpovědi čtu už dlouho, ale se&nbsp;zasláním svého dotazu jsem váhal. Až teď jsem sebral&nbsp;odvahu.&nbsp;&nbsp;(Z ohlasů našich čtenářů na rubriku Otázky a odpovědi.)",2026-03-06T21:35:56.758120+00:00,Unknown,"Thu, 18. Dec 2025 23:00:00 GMT",
Vira.cz (RSS Feed),RSS,"Ty jsi zlomený člověk, já jsem zlomený…",https://www.vira.cz/texty/clanky/jsi-zlomeny-clovek-i-ja,Všichni jsme zranění a zlomení &ndash; každý ve své jedinečnosti. Co s&nbsp;tím?,2026-03-06T21:35:56.758586+00:00,Unknown,"Wed, 17. Dec 2025 12:05:00 GMT",
Vira.cz (RSS Feed),RSS,Soužití s mým mužem je čím dál náročnější,https://www.vira.cz/texty/aktuality/souziti-s-mym-muzem-je-cim-dal-narocnejsi,"Děkuji za vaši práci a krásné i praktické odpovědi do lidských&nbsp;těžkostí.&nbsp; I já jsem měla kdysi&nbsp;pocit, že těžkou káru manželství už neutáhnu. Vzájemné zraňování bylo na denním pořádku.&nbsp;(Z ohlasů našich čtenářů na rubriku Otázky a odpovědi.)",2026-03-06T21:35:56.762811+00:00,Unknown,"Thu, 04. Dec 2025 23:00:00 GMT",
Deník.cz (RSS Feed),RSS,"Češi s dětmi uvěznění v Dubaji: Slyšíme výbuchy, návrat domů je v nedohlednu",https://www.denik.cz/ze_sveta/cesi-uvezneni-v-dubaji-rodiny-s-detmi-slysi-vybuchy-navrat-domu-v-nedohlednu.html?utm_source=rss&utm_medium=feed&utm_campaign=www.denik.cz&utm_content=zpravy,"Zoufalství, strach a pocit bezmoci. Tak popisují svou situaci čeští turisté, kteří zůstali uvězněni v Dubaji společně se svými malými dětmi. Nad městem podle jejich slov létají stíhačky a v dálce jsou slyšet výbuchy, zatímco návrat domů se zdá být téměř nemožný.",2026-03-06T21:35:56.813520+00:00,Unknown,"Fri, 06 Mar 2026 19:30:00 +0100",Zprávy
ČT24 - Domaci,RSS,Jižněji a delší trasou. S pilotem vládního airbusu o repatriačním letu,https://ct24.ceskatelevize.cz/clanek/domaci/jizneji-a-delsi-trasou-s-pilotem-vladniho-airbusu-o-repatriacnim-letu-371040,"Po pěti dnech se pilot vládního airbusu Petr Daňko vrátil v pátek domů. Od pondělí se na Blízkém východě otočil třikrát. Patřil k posádce, která stroj přebírala v Šarm aš-Šajchu od kolegů, kteří přiletěli z Ománu. Na palubě bylo 94 cestujících. V rozhovoru zmiňuje, že oproti běžným trasám se nyní létá trochu jinak, jižněji a déle, protože se oblétávají nebezpečné oblasti. Plány na příští týden zatím pilot z 24. základny dopravního letectva Praha-Kbely nezná, budou se ještě upřesňovat. Zákazníkem je totiž ministerstvo zahraničních věcí, které dosud ještě na toto období nepředložilo objednávku. Ministr zahraničí Petr Macinka (Motoristé) nyní odhaduje, že dál se budou spíše využívat soukromá letadla společnosti Smartwings, která mají výrazně větší kapacitu než vládní letouny.",2026-03-06T21:35:56.865739+00:00,Unknown,"Fri, 06 Mar 2026 19:45:00 GMT",Domácí
ČT24 - Domaci,RSS,"Karlovo náměstí v Praze se chystá na rekonstrukci, probíhá přesadba stromů",https://ct24.ceskatelevize.cz/clanek/regiony/hlavni-mesto-praha/karlovo-namesti-v-praze-se-chysta-na-rekonstrukci-probiha-presadba-stromu-371039,Na Karlově náměstí v Praze začaly přípravné práce před jeho rekonstrukcí. Při nich město nechává přestěhovat několik až devět metrů vysokých stromů. Za pomocí jeřábu je pracovníci vytahují i s kořeny a převážejí do jiné části parku. Podle krajinářské architektky z Institutu plánování a rozvoje hlavního města Prahy Barbory Liškové aktuálně probíhá přesadba pěti kusů stromů a celková rekultivace prostoru. Rekonstrukce samotného náměstí začne na přelomu roku a potrvá zhruba tři roky.,2026-03-06T21:35:56.866209+00:00,Unknown,"Fri, 06 Mar 2026 19:03:03 GMT",Hlavní město Praha
ČT24 - Domaci,RSS,Ještě za života darují tělo vědě. Lékařské fakulty mají s lidmi přes 15 tisíc smluv,https://ct24.ceskatelevize.cz/clanek/domaci/jeste-za-zivota-daruji-telo-vede-lekarske-fakulty-maji-s-lidmi-pres-15-tisic-smluv-371035,"Vděčnost za léčbu, pomoc medicíně nebo finanční důvody. Zájem o darování těla vědě roste. Poskytnout své ostatky k výuce se už v Česku rozhodlo více než patnáct tisíc lidí. Na osmi tuzemských lékařských fakultách loni přibylo přes 1500 smluv s novými dárci. Podle přednosty Anatomického ústavu 1. Lékařské fakulty Univerzity Karlovy (UK) Ondřeje Naňky je většina z nich starší 70 let. K darování těla se ale čím dál častěji rozhodují i mladí lidé, třeba středoškoláci.",2026-03-06T21:35:56.866806+00:00,Unknown,"Fri, 06 Mar 2026 19:00:00 GMT",Domácí
ČT24 - Domaci,RSS,"V Praze přistál další repatriační let, přivezl Čechy z Ománu",https://ct24.ceskatelevize.cz/clanek/domaci/v-noci-pristal-v-praze-dalsi-repatriacni-let-privezl-cechy-z-omanu-371010,"V noci na pátek přistál v Praze další vládní repatriační let s českými občany, které zasáhl současný konflikt na Blízkém východě. Větší armádní airbus s kapacitou přes devadesát míst přivezl cestující z ománského Maskatu, uvedlo ministerstvo zahraničních věcí. Premiér Andrej Babiš (ANO) v pátek ráno na síti X napsal, že odletěl první repatriační let do Dubaje. Stovky Čechů se během posledních dnů vrátily z ohrožené oblasti jak vládními repatriačními lety, tak komerčními linkami.",2026-03-06T21:35:56.868998+00:00,Unknown,"Fri, 06 Mar 2026 05:19:05 GMT",Domácí
iRozhlas.cz (RSS Feed),RSS,"Nepamatuju si derby bez emocí. Musíte jít za hranu, říká záložník Slavie Sadílek před nedělním zápasem",https://www.irozhlas.cz/sport/fotbal/fotbal-sk-slavia-praha-ac-sparta-praha-rozhovor-derby-chance-liga-michal-sadilek_2603061800_ask,"Fotbalovou Slavii a Spartu čeká v Chance lize na závěr víkendového 25. kola derby. Před očekávaným zápasem mluvil exkluzivně v rozhovoru pro Radiožurnál Sport šestadvacetiletý reprezentant Michal Sadílek. Ten přišel do vršovického týmu před sezonou z Twente a v minulosti hrál v Nizozemsku i za slavný PSV Eindhoven, kam odešel z Česka jako dorostenec.",2026-03-06T21:35:56.905912+00:00,Unknown,"Fri, 06 Mar 2026 18:00:00 +0100",
Denik Alarm (RSS Feed),RSS,Brian Eno mezi mrazáky. Fanoušci chodí poslouchat ambient do smíšeného zboží v anglickém Sheffieldu,https://denikalarm.cz/2026/03/brian-eno-mezi-mrazaky-fanousci-chodi-poslouchat-ambient-do-smiseneho-zbozi-v-anglickem-sheffieldu/,"Tamní mrazák prý vydává ojedinělé zvuky, které mají ASMR kvality. Na Youtube už je dostupná desetihodinová smyčka.",2026-03-06T21:35:56.980151+00:00,kve,"Thu, 05 Mar 2026 05:15:00 +0000","Svět,Zprávy,Velká Británie"
Denik Alarm (RSS Feed),RSS,„Neberte nám kulturu!“ Výstava v GHMP reflektuje současnou kulturní situaci na Slovensku,https://denikalarm.cz/2026/03/neberte-nam-kulturu-vystava-v-ghmp-reflektuje-soucasnou-kulturni-situaci-na-slovensku/,"Pražský Dům fotografie hostí dokumentační výstavu o dění ve Slovenské národní galerii. Dnes už je jasné, že v bezpečí není ani česká kultura.",2026-03-06T21:35:56.981430+00:00,Julie Remešová,"Wed, 04 Mar 2026 05:05:00 +0000","Kultura,angažované umění,recenze"
Denik Alarm (RSS Feed),RSS,Konec experimentu? Proč levice přes Rojavu neviděla syrskou revoluci,https://denikalarm.cz/2026/02/konec-experimentu-proc-levice-pres-rojavu-nevidela-syrskou-revoluci/,"Rojava se pro značnou část západní levice stala jediným světlým bodem v syrské revoluci. Toto vyčlenění ale bylo teoretickou i strategickou chybou, kterou je třeba napravit.",2026-03-06T21:35:56.983083+00:00,Michal Lipták,"Sat, 28 Feb 2026 06:40:20 +0000","Svět,analýza,Kurdové"
Denik Alarm (RSS Feed),RSS,Další velký úspěch britských Zelených. Novou poslankyní se stala instalatérka Hannah Spencer,https://denikalarm.cz/2026/02/dalci-velky-uspech-britskych-zelenych-novou-poslankyni-se-stala-instalaterka-hannah-spencer/,"V doplňujících volbách do britského parlamentu zelená Hannah Spencer drtivě porazila kandidáta Reform UK. Volby jí vyhrála autenticita, kritika superbohatých a Gaza.",2026-03-06T21:35:56.990427+00:00,Jan Bělíček,"Fri, 27 Feb 2026 09:56:04 +0000","Svět,komentář,Velká Británie,volby,Zelení"
Denik Alarm (RSS Feed),RSS,Rozpočet nejsou jen čísla… Tichá válka proti kultuře narazila na dno,https://denikalarm.cz/2026/02/rozpocet-nejsou-jen-cisla-ticha-valka-proti-kulture-narazila-na-dno/,Grantová komise ministerstva kultury odmítla ve středu 25. února rozdělit peníze literárním časopisům a akcím. Důvodem je drastické snížení objemu prostředků samotným ministerstvem.,2026-03-06T21:35:56.990956+00:00,Eva Klíčová,"Fri, 27 Feb 2026 05:10:00 +0000","Kultura,komentář,ministerstvo kultury"
Médium.cz (RSS Feed),RSS,Záchranka stojí před domem. „Proč už nejedete?“,https://medium.seznam.cz/clanek/niki-netusil-zachranka-stoji-pred-domem-proc-uz-nejedete-248955,"Záchranka stojí před domem. Majáky blikají, dveře jsou zavřené a minuty běží. Rodina nervózně postává kolem auta. „Proč už nejedete?“ ptá se někdo. Jenže právě ty minuty, kdy sanitka stojí, mohou rozhodnout o životě.",2026-03-06T21:35:57.056784+00:00,Unknown,"Fri, 06 Mar 2026 17:19:29 +0100",
Aktualne.cz (RSS Feed),RSS,DiCaprio na jevišti Stavovského divadla: Herec se vydal po stopách Formanova Amadea,https://magazin.aktualne.cz/dicaprio-na-jevisti-stavovskeho-divadla-herec-se-vydal-po-stopach-formanova-amadea/r~aaa294a8c2fce1b91fe3c6e0b10489cb/,"Americký herec Leonardo DiCaprio, který v těchto dnech natáčí v Česku nový film režiséra Martina Scorseseho, si během pobytu v Praze udělal čas i na jednu mimořádnou kulturní zastávku. Podle informací redakce navštívil historické Stavovské divadlo: místo, které proslavil nejen sám Mozart, ale také oscarový snímek českého režiséra Miloše Formana Amadeus.",2026-03-06T21:35:57.085726+00:00,Tereza Šolcová,"Fri, 06 Mar 2026 17:47:00 +0100",Magazín
Blesk.cz (RSS Feed),RSS,Náraz lodi do jaderné elektrárny? V Perském zálivu rušičky matou navigaci! Trable mají i letadla,https://www.blesk.cz/clanek/zpravy-svet/834632/naraz-lodi-do-jaderne-elektrarny-v-perskem-zalivu-rusicky-matou-navigaci-trable-maji-i-letadla.html,"Vedle explozí a požárů má válka s Íránem nemálo dalších dopadů. Citelně, ba nebezpečně, je znát v námořní přepravě v Perském zálivu a světově důležitém Hormuzském průlivu. Námořníci teď nemohou spoléhat na satelitní navigaci, neboť ji někdo silně ruší a mate. Dokonce to vypadalo, že několik lodí narazilo do atomové elektrárny!",2026-03-06T21:35:57.142534+00:00,Unknown,"Fri, 06 Mar 2026 18:15:00 +0100",
Blesk.cz (RSS Feed),RSS,"Někdo kouká na striptérky skrz prsty, dokážeme ale vydělat i statisíce za večer, říkají Brooke a Jessica",https://www.blesk.cz/clanek/zpravy-pribehy/834586/nekdo-kouka-na-stripterky-skrz-prsty-dokazeme-ale-vydelat-i-statisice-za-vecer-rikaji-brooke-a-jessica.html,"Jak vypadá práce striptérky v reálu? Dvě performerky, Jessica a Brooke, ze známého pražského striptýzového klubu v novém díle podcastu Už budu! otevřeně popsaly zákulisí této peprné a mýty opředené branže. Promluvily o prvních dnech na pódiu, psychickém tlaku od zákazníků i o tom, kolik si mohou vydělat za jediný večer.",2026-03-06T21:35:57.143912+00:00,Unknown,"Fri, 06 Mar 2026 17:00:00 +0100",
Blesk.cz (RSS Feed),RSS,Herečka a modelka Annabel Schofieldová (†62): Hvězda seriálu Dallas podlehla rakovině!,https://www.blesk.cz/clanek/celebrity-svetove-celebrity/834634/herecka-a-modelka-annabel-schofieldova-62-hvezda-serialu-dallas-podlehla-rakovine.html,"Svět showbyznysu zasáhla smutná zpráva. Ve věku 62 let zemřela modelka a herečka Annabel Schofieldová, kterou si diváci pamatují například z kultovního seriálu Dallas. Poslední tři roky svého života bojovala s rakovinou, která se jí postupně rozšířila až do mozku...",2026-03-06T21:35:57.145182+00:00,Unknown,"Fri, 06 Mar 2026 15:45:00 +0100",
Blesk.cz (RSS Feed),RSS,"ONLINE: Kritický omyl? USA zřejmě poslaly rakety na dívčí školu v Íránu, zemřelo 165 školaček",https://www.blesk.cz/clanek/zpravy-svet/834176/online-kriticky-omyl-usa-zrejme-poslaly-rakety-na-divci-skolu-v-iranu-zemrelo-165-skolacek.html,"Američtí vojenští vyšetřovatelé podle agentrury Reuters naznačili, že Spojené státy byly pravděpodobně odpovědné za ničivý raketový útok na dívčí školu v íránském Minabu. Po něm zemřelo 165 školaček. V noci přistál v Praze další vládní repatriační let s českými občany, které zasáhl současný konflikt na Blízkém východě. Větší armádní airbus s kapacitou přes 90 míst přivezl cestující z ománského Maskatu. Dění kolem útoku sledujeme na Blesk.cz online.",2026-03-06T21:35:57.148590+00:00,Unknown,"Fri, 06 Mar 2026 11:20:00 +0100",
Forum24.cz (RSS Feed),RSS,„Bojí se mě.“ Rakušan reaguje na již třetí nezvolení místopředsedou Sněmovny,https://www.forum24.cz/boji-se-me-rakusan-reaguje-na-jiz-treti-nezvoleni-mistopredsedou-snemovny,"Poslanci v pátek ani napotřetí nezvolili předsedu opozičního hnutí STAN Víta Rakušana místopředsedou Sněmovny. Poslední ze čtveřice místopředsednických pozic v dolní komoře tak zůstala i po pátečním prvním kole druhé volby neobsazená. V některém z dalších jednacích dnů se uskuteční druhé volební kolo. Bývalý ministr vnitra a vicepremiér Rakušan je jediným kandidátem. Ve vyjádření zaslaném novinářům Rakušan uvedl, že má nominaci svého klubu, takže absolvuje i druhé kolo. Ke zvolení Rakušan potřeboval získat nejméně 83 poslaneckých hlasů. Obdržel jich 67, oznámil předseda sněmovní volební komise Martin Kolovratník (ANO). První volba, v níž někdejší ministr vnitra figuroval, se uskutečnila v lednu. V jejím úvodním kole získal Rakušan 83 hlasů, potřeboval jich nejméně o devět víc. Ve druhém kole bylo ke zvolení nutných aspoň 89 poslaneckých hlasů, předseda STAN jich obdržel 75. Rakušanovi s největší pravděpodobností nedávají hlasy poslanci z řad vládní koalice, byť místopředsednická pozice má podle plánů vládního tábora ANO, SPD a Motoristů připadnout nominantovi STAN. Rakušan uvedl, že situace, kdy třetí největší strana ve Sněmovně nemá své zastoupení ve vedení komory, není dobrá pro parlamentní kulturu. Dodal, že s nezvolením spíš počítal. ""Vládní koalice se prostě bojí výrazného opozičního politika ve vedení Sněmovny. Je to pro ně nepříjemné a tenhle strach promítají i do svého hlasování,"" uvedl Rakušan. Funkci by ale dokázal zastávat tak, aby rozlišil, kdy řídí schůzi a kdy je opozičním politikem, míní. ""Zároveň říkám, my nejsme SPD, abychom si od Andreje Babiše (ANO) nechali říkat, kdo má být zvolen do jaké funkce ve Sněmovně. Takto Starostové…",2026-03-06T21:35:57.180612+00:00,ČTK,"Fri, 06 Mar 26 17:30:10 +0100","Zpravodajství,Domácí"
Forum24.cz (RSS Feed),RSS,"Porážka Ukrajiny by pro Evropu byla mnohem dražší než její současná podpora, říká eurokomisař",https://www.forum24.cz/porazka-ukrajiny-by-pro-evropu-byla-mnohem-drazsi-nez-jeji-soucasna-podpora-rika-eurokomisar,"Evropská unie stojí před rozhodnutím, které může zásadně ovlivnit její bezpečnost i budoucí výdaje na obranu. Podle evropského komisaře pro obranu a vesmír Andriuse Kubiliuse by totiž případné vítězství Ruska ve válce proti Ukrajině stálo Evropu výrazně více než současná podpora Kyjeva. „Zvýšení podpory Ukrajiny bude Evropskou unii stát polovinu nebo třikrát méně, než kdybychom nechali vyhrát Rusko,“ uvedl v rozhovoru pro agenturu Ukrinform Andrius Kubilius. Podle něj by totiž vítězství Moskvy znamenalo nejen další bezpečnostní hrozby, ale také masivní finanční výdaje na obranu a zvládání nové uprchlické vlny. Evropská unie nyní podle jeho názoru čelí kombinaci bezpečnostních výzev. Konflikt na Blízkém východě odvádí pozornost i zdroje, které by jinak směřovaly na posílení evropské obrany a pomoc Ukrajině, zároveň se tenčí zásoby raket, jež jsou pro ukrajinskou protivzdušnou obranu klíčové. Komisař proto zahájil sérii návštěv evropských výrobců zbraní, jejímž cílem je urychlit dodávky raket. Právě jejich nedostatek označuje za největší problém současné podpory Ukrajiny. Podle něj jde navíc o strukturální potíž evropského obranného průmyslu, který musí výrazně zvýšit výrobní kapacity a zároveň začít pracovat na nových systémech. Jednou z možností je i společný vývoj s Ukrajinou. Komisař zároveň zdůraznil, že Evropa by měla více využít zkušeností ukrajinské armády, která už více než čtyři roky čelí ruské agresi. Ukrajina podle něj vytvořila unikátní systém propojující vývojáře, vojáky a nové technologie. Takový „ekosystém“ může být pro evropskou obranu cennou inspirací. Debata…",2026-03-06T21:35:57.181469+00:00,Pavel Šmejkal,"Fri, 06 Mar 26 17:02:17 +0100","Zpravodajství,Zahraničí"
Forum24.cz (RSS Feed),RSS,Co se děje mezi princem Williamem a princem Harrym? Královský zpravodaj sdělil nové skutečnosti,https://www.forum24.cz/co-se-deje-mezi-princem-williamem-a-princem-harrym-kralovsky-zpravodaj-sdelil-nove-skutecnosti,"Sourozenecká láska je jeden z nejdelších a nejintenzivnějších vztahů v životě člověka, tedy aspoň tehdy, když nedojde k rozkolům. I princ William s princem Harrym byli v dětství nerozlučnou dvojkou. Jako sourozenci si prožili mnoho silných a bolestných okamžiků, které jejich pouto utužily. V posledních letech ale sleduje celý svět obrovské odcizení těchto dvou mužů. Kdy k němu došlo? A bude tomu někdy konec? O osudu nejslavnějšího sourozeneckého dua promluvil zkušený britský novinář specializující se na královskou rodinu.   Pokud se podíváme na rodinné fotografie z dob minulých, malý William a Harry na nich působí jako šťastné děti. Aspoň tedy do doby, než jim tragicky zemřela matka, princezna Diana. Tento bolestný zážitek nejspíš chlapce na nějaký čas ještě více spojil, o několik roků později ale začal proces odcizování, který nenechává chladným žádného fanouška britské královské rodiny. Podle dostupných zdrojů se začaly objevovat první trhliny ve vztahu prince Williama a prince Harryho v roce 2005. Informace k tomu poskytl historik Robert Lacey ve své knize „Bitva bratrů“ z roku 2020. William měl tehdy svého bratra povzbuzovat, aby si oblékl nacistickou uniformu na maškarní party pořádanou olympijským jezdcem Richardem Meadem. Toto rozhodnutí ale mělo pro Harryho nedozírné následky – veřejnost ho totiž odsoudila. Tento incident v Harrym poprvé zasel semínko hořkosti vůči staršímu bratrovi. Veškerý hněv veřejnosti se totiž tehdy soustředil právě na něj, zatímco William vyvázl bez újmy – přitom právě on ho přesvědčoval k nacistické uniformě. Lacey ve své knize doslovně citoval zaměstnance britské královské rodiny: „Poprvé jejich vztah opravdu utrpěl a sotva spolu mluvili… Harry cítil, že William vyvázl až příliš lehce.“…",2026-03-06T21:35:57.182943+00:00,Iveta Reinisch,"Fri, 06 Mar 26 15:33:17 +0100","Life &amp; Style,Osobnosti"
Forum24.cz (RSS Feed),RSS,"„Máme rády diamanty a své muže.“ Hana Vagnerová přiznala, že se trochu podobá Denisce ze seriálu Lajna",https://www.forum24.cz/mame-rady-diamanty-a-sve-muze-hana-vagnerova-priznala-ze-se-trochu-podoba-denisce-ze-serialu-lajna,"Komediální seriál „Lajna“ možná neunikl ani vaší pozornosti, pakliže máte rádi peprné vtípky a hokejové prostředí. Svérázného trenéra Luboše Hrouzka, kterého bravurně ztvárnil herec Jiří Langmajer, si oblíbil nejeden divák nejen pro jeho legendární hlášky. Bez povšimnutí ovšem nezůstala ani „zlatokopka“ Deniska. Tu přesvědčivě zahrála sympatická a energická herečka Hana Vagnerová a o roli se otevřeně rozpovídala. Podle tvůrců seriálu „Lajna“ šlo zpočátku o velmi skromný projekt, jenž se natáčel pro začínající internetový videoportál. Celkově čítal filmový štáb pouze 15 členů včetně herců, o pár let později se ale rozrostl do nečekaných rozměrů. Producent Daniel Strejc v rozhovoru zmínil, že tisková konference se ještě před lety odehrávala na Městském úřadě v Havířově a nyní už vyžaduje kapacitu O2 areny. I štáb se významně rozrostl a je nyní podle Strejce srovnatelný s tím filmovým. Humorně pojatý seriál by však nezaznamenal takový úspěch, nebýt skvělých hereckých výkonů Jiřího Langmajera a Hany Vagnerové. Když za herečkou přišli s nabídkou role Denisky, neváhala. V nedávném rozhovoru pro Expres se svěřila, že si tuto postavu naprosto zamilovala. Jakmile se odvysílala poslední třetí série, jako by se po seriálu „Lajna“ slehla zem. Hana Vagnerová to ale nechtěla nechat být, jak také poznamenala: „Já jsem producenta už několik let šikanovala a říkala mu: ‚Proč netočíme další sérii? Proč se nic neděje?‘ Takže když řekl, že budeme točit film, hned jsem souhlasila. Ani scénář jsem nečetla.“ Na počátku března 2026 tvůrci Lajny skutečně potvrdili, že chystají celovečerní snímek „Lajna – konečně film!“. Fanoušci ale mohli něco tušit už…",2026-03-06T21:35:57.185138+00:00,Iveta Reinisch,"Fri, 06 Mar 26 12:54:04 +0100","Life &amp; Style,Osobnosti"
Seznam Zpravy (RSS Feed),RSS,Za měsíc prodala v Německu jediné auto. Čínská značka vyhodila ředitele,https://www.seznamzpravy.cz/clanek/ekonomika-byznys-doprava-za-mesic-prodala-v-nemecku-jedine-auto-cinska-znacka-vyhodila-reditele-300827,"Čínská automobilka Nio cílí na prémiové zákazníky a od Německa si slibovala vysoké prodeje. Za celý leden tam ale dodala jedno jediné auto. Nio následně propustilo svého tamního šéfa, ten obratem zkritizoval strategii Číňanů.",2026-03-06T21:35:57.231089+00:00,Unknown,"Fri, 06 Mar 2026 14:55:00 +0100",
